Date	Open	High	Low	Close	Volume
25-Nov-13	521.02	525.87	521	523.74	8192629
22-Nov-13	519.52	522.16	518.53	519.8	7990176
21-Nov-13	517.6	521.21	513.67	521.14	9358123
20-Nov-13	519.23	520.42	514.33	515	6935114
19-Nov-13	519.03	523.38	517.97	519.55	7462101
18-Nov-13	524.99	527.19	518.2	518.63	8748032
15-Nov-13	526.58	529.09	524.49	524.99	11354252
14-Nov-13	522.81	529.28	521.87	528.16	10086441
13-Nov-13	518	522.25	516.96	520.63	7043561
12-Nov-13	517.67	523.92	517	520.01	7302093
11-Nov-13	519.99	521.67	514.41	519.05	8123329
8-Nov-13	514.58	521.13	512.59	520.56	9975649
7-Nov-13	519.58	523.19	512.38	512.49	9379300
6-Nov-13	524.15	524.86	518.2	520.92	7977736
5-Nov-13	524.58	528.88	523	525.45	9481153
4-Nov-13	521.1	526.82	518.81	526.75	8736719
1-Nov-13	524.02	524.8	515.84	520.03	9817472
31-Oct-13	525	527.49	521.27	522.7	9846255
30-Oct-13	519.61	527.52	517.02	524.9	12648671
29-Oct-13	536.27	539.25	514.54	516.68	22707445
28-Oct-13	529.04	531	523.21	529.88	19658589
25-Oct-13	531.32	533.23	525.11	525.96	12003283
24-Oct-13	525	532.47	522.45	531.91	12359914
23-Oct-13	519	525.67	519	524.96	11204446
22-Oct-13	526.4	528.45	508.03	519.87	19073679
21-Oct-13	511.77	524.3	511.52	521.36	14218135
18-Oct-13	505.99	509.26	505.71	508.89	10376510
17-Oct-13	499.98	504.78	499.68	504.5	9056905
16-Oct-13	500.79	502.53	499.23	501.11	8967859
15-Oct-13	497.5	502	495.52	498.68	11431229
14-Oct-13	489.83	497.58	489.35	496.04	9353506
11-Oct-13	486.99	493.84	485.16	492.81	9562134
10-Oct-13	491.32	492.38	487.04	489.64	9950070
9-Oct-13	484.64	487.79	478.28	486.59	10775888
8-Oct-13	489.94	490.64	480.54	480.94	10262868
7-Oct-13	486.56	492.65	485.35	487.75	11153301
4-Oct-13	483.86	484.6	478.6	483.03	9245340
3-Oct-13	490.51	492.35	480.74	483.41	11526929
2-Oct-13	485.63	491.8	483.75	489.56	10222866
1-Oct-13	478.45	489.14	478.38	487.96	12638665
30-Sep-13	477.25	481.66	474.41	476.75	9230794
27-Sep-13	483.78	484.67	480.72	482.75	8144247
26-Sep-13	486	488.56	483.9	486.22	8472169
25-Sep-13	489.2	489.64	481.43	481.53	11319881
24-Sep-13	494.88	495.47	487.82	489.1	13012249
23-Sep-13	496.1	496.91	482.6	490.64	27105959
20-Sep-13	478	478.55	466	467.41	24975046
19-Sep-13	470.7	475.83	469.25	472.3	14447816
18-Sep-13	463.18	466.35	460.66	464.68	16316472
17-Sep-13	447.96	459.71	447.5	455.32	14263539
16-Sep-13	461	461.61	447.22	450.12	19591095
13-Sep-13	469.34	471.83	464.7	464.9	10672634
12-Sep-13	468.5	475.4	466.01	472.69	14430353
11-Sep-13	467.01	473.69	464.81	467.71	31932384
10-Sep-13	506.2	507.45	489.5	494.64	26542696
9-Sep-13	505	507.92	503.48	506.17	12010661
6-Sep-13	498.44	499.38	489.95	498.22	12672876
5-Sep-13	500.25	500.68	493.64	495.27	8441697
4-Sep-13	499.56	502.24	496.28	498.69	12322554
3-Sep-13	493.1	500.6	487.35	488.58	11860738
30-Aug-13	492	492.95	486.5	487.22	9728684
29-Aug-13	491.65	496.5	491.13	491.7	8559102
28-Aug-13	486	495.8	486	490.9	10985954
27-Aug-13	498	502.51	486.3	488.59	15102298
26-Aug-13	500.75	510.2	500.5	502.97	11820150
23-Aug-13	503.27	503.35	499.35	501.02	7954603
22-Aug-13	504.98	505.59	498.2	502.96	8721668
21-Aug-13	503.59	507.15	501.2	502.36	11995615
20-Aug-13	509.71	510.57	500.82	501.07	12810249
19-Aug-13	504.34	513.74	504	507.74	18232783
16-Aug-13	500.15	502.94	498.86	502.33	12939408
15-Aug-13	496.42	502.4	489.08	497.91	17510501
14-Aug-13	497.88	504.25	493.4	498.5	27013273
13-Aug-13	470.94	494.66	468.05	489.57	31497848
12-Aug-13	456.86	468.65	456.63	467.36	13015470
9-Aug-13	458.64	460.46	453.65	454.45	9557887
8-Aug-13	463.86	464.1	457.95	461.01	9142834
7-Aug-13	463.8	467	461.77	464.98	10673424
6-Aug-13	468.02	471.89	462.17	465.25	11961220
5-Aug-13	464.69	470.67	462.15	469.45	11387656
2-Aug-13	458.01	462.85	456.66	462.54	9813618
1-Aug-13	455.75	456.8	453.26	456.68	7366046
31-Jul-13	454.99	457.34	449.43	452.53	11534193
30-Jul-13	449.96	457.15	449.23	453.32	11050795
29-Jul-13	440.8	449.99	440.2	447.79	8872900
26-Jul-13	435.3	441.04	434.34	440.99	7152679
25-Jul-13	440.7	441.4	435.81	438.5	8202948
24-Jul-13	438.93	444.59	435.26	440.51	21144832
23-Jul-13	426	426.96	418.71	418.99	13192629
22-Jul-13	429.46	429.75	425.47	426.31	7428228
19-Jul-13	433.1	433.98	424.35	424.95	9599245
18-Jul-13	433.38	434.87	430.61	431.76	7822974
17-Jul-13	429.7	432.22	428.22	430.31	7109152
16-Jul-13	426.52	430.71	424.17	430.2	7733481
15-Jul-13	425.01	431.46	424.8	427.44	8649015
12-Jul-13	427.65	429.79	423.41	426.51	9987209
11-Jul-13	422.95	428.25	421.17	427.29	11659852
10-Jul-13	419.6	424.8	418.25	420.73	10050117
9-Jul-13	413.6	423.5	410.38	422.35	12596034
8-Jul-13	420.11	421	410.65	415.05	10654060
5-Jul-13	420.39	423.29	415.35	417.42	9788680
3-Jul-13	420.86	422.98	417.45	420.8	8604594
2-Jul-13	409.96	421.63	409.47	418.49	16788797
1-Jul-13	402.69	412.27	401.22	409.22	13970435
28-Jun-13	391.36	400.27	388.87	396.53	20665631
27-Jun-13	399.25	401.39	393.54	393.78	12050007
26-Jun-13	403.9	404.79	395.66	398.07	13140939
25-Jun-13	405.7	407.79	398.83	402.63	11226398
24-Jun-13	407.4	408.66	398.05	402.54	17169490
21-Jun-13	418.49	420	408.1	413.5	17185334
20-Jun-13	419.3	425.98	415.17	416.84	12767794
19-Jun-13	431.4	431.66	423	423	11108255
18-Jun-13	431.56	434.9	430.21	431.77	6970064
17-Jun-13	431.44	435.7	430.36	432	9265779
14-Jun-13	435.4	436.29	428.5	430.05	9381840
13-Jun-13	432.5	437.14	428.75	435.96	10218298
12-Jun-13	439.5	441.25	431.5	432.19	9479524
11-Jun-13	435.74	442.76	433.32	437.6	10203764
10-Jun-13	444.73	449.08	436.8	438.89	16084149
7-Jun-13	436.5	443.24	432.77	441.81	14455098
6-Jun-13	445.47	447	434.05	438.46	14895494
5-Jun-13	445.65	450.72	443.71	445.11	10378191
4-Jun-13	453.22	454.43	447.39	449.31	10454503
3-Jun-13	447.78	452.36	442.48	450.72	13298263
31-May-13	452.5	457.1	449.5	449.74	13725006
30-May-13	445.65	454.5	444.51	451.58	12632664
29-May-13	440	447.5	439.4	444.95	11813667
28-May-13	449.9	451.11	440.85	441.44	13790884
24-May-13	440.85	445.66	440.36	445.15	9872377
23-May-13	435.95	446.16	435.79	442.14	12620748
22-May-13	444.05	448.35	438.22	441.35	15763076
21-May-13	438.15	445.48	434.2	439.66	16296320
20-May-13	431.91	445.8	430.1	442.93	16127712
17-May-13	439.05	440.09	431.01	433.26	15288547
16-May-13	423.24	437.85	418.9	434.58	21552354
15-May-13	439.16	441	422.36	428.85	26486155
14-May-13	453.85	455.2	442.15	443.86	15968420
13-May-13	451.51	457.9	451.5	454.74	11325330
10-May-13	457.97	459.71	450.48	452.97	11958926
9-May-13	459.81	463	455.58	456.77	14241068
8-May-13	459.04	465.37	455.81	463.84	16878434
7-May-13	464.97	465.75	453.7	458.66	17276868
6-May-13	455.71	462.2	454.31	460.71	17737166
3-May-13	451.31	453.23	449.15	449.98	12911684
2-May-13	441.78	448.59	440.63	445.52	15072312
1-May-13	444.46	444.93	434.39	439.29	18112671
30-Apr-13	435.1	445.25	432.07	442.78	24697766
29-Apr-13	420.45	433.62	420	430.12	22868730
26-Apr-13	409.81	418.77	408.25	417.2	27295570
25-Apr-13	411.22	413.94	407	408.38	13744165
24-Apr-13	393.54	415.25	392.5	405.46	34636913
23-Apr-13	403.99	408.38	398.81	406.13	23722707
22-Apr-13	392.64	402.2	391.28	398.67	15354206
19-Apr-13	387.97	399.6	385.1	390.53	21759743
18-Apr-13	404.99	405.79	389.74	392.05	23796309
17-Apr-13	420.27	420.6	398.11	402.8	33751923
16-Apr-13	421.57	426.61	420.57	426.24	10920394
15-Apr-13	427	427.89	419.55	419.85	11339958
12-Apr-13	434.15	434.15	429.09	429.8	8525897
11-Apr-13	433.72	437.99	431.2	434.33	11736299
10-Apr-13	428.1	437.06	426.01	435.69	13425964
9-Apr-13	426.36	428.5	422.75	426.98	10955445
8-Apr-13	424.85	427.5	422.49	426.21	10752106
5-Apr-13	424.5	424.95	419.68	423.2	13703354
4-Apr-13	433.76	435	425.25	427.72	12809234
3-Apr-13	431.37	437.28	430.31	431.99	12971961
2-Apr-13	427.6	438.14	426.4	429.79	18920462
1-Apr-13	441.9	443.7	427.74	428.91	13918927
28-Mar-13	449.82	451.82	441.62	442.66	15820798
27-Mar-13	456.46	456.8	450.73	452.08	11836042
26-Mar-13	465.44	465.84	460.53	461.14	10510489
25-Mar-13	464.69	469.95	461.78	463.58	17897634
22-Mar-13	454.58	462.1	453.11	461.91	14110873
21-Mar-13	450.22	457.98	450.1	452.73	13687630
20-Mar-13	457.42	457.63	449.59	452.08	11023594
19-Mar-13	459.5	460.97	448.5	454.49	18813330
18-Mar-13	441.45	457.46	441.2	455.72	21649870
15-Mar-13	437.93	444.23	437.25	443.66	22998541
14-Mar-13	432.83	434.64	430.45	432.5	10852678
13-Mar-13	428.45	434.5	425.36	428.35	14493456
12-Mar-13	435.6	438.88	427.57	428.43	16639639
11-Mar-13	429.75	439.01	425.14	437.87	16936908
8-Mar-13	429.8	435.43	428.61	431.72	13985569
7-Mar-13	424.5	432.01	421.06	430.58	16731118
6-Mar-13	434.51	435.25	424.43	425.66	16437467
5-Mar-13	421.48	435.19	420.75	431.14	22801006
4-Mar-13	427.8	428.2	419	420.05	20812057
1-Mar-13	438	438.18	429.98	430.47	19730256
28-Feb-13	444.05	447.87	441.4	441.4	11518391
27-Feb-13	448.43	452.44	440.65	444.57	20976704
26-Feb-13	443.82	451.54	437.66	448.97	17910582
25-Feb-13	453.85	455.12	442.57	442.8	13306352
22-Feb-13	449.25	451.6	446.6	450.81	11809092
21-Feb-13	446	449.17	442.82	446.06	15970740
20-Feb-13	457.69	457.69	448.8	448.85	17010698
19-Feb-13	461.1	462.73	453.85	459.99	15563459
15-Feb-13	468.85	470.16	459.92	460.16	13997311
14-Feb-13	464.52	471.64	464.02	466.59	12696643
13-Feb-13	467.21	473.64	463.22	467.01	16971603
12-Feb-13	479.51	482.38	467.74	467.9	21751816
11-Feb-13	476.5	484.94	473.25	479.93	18479788
8-Feb-13	474	478.81	468.25	474.98	22612712
7-Feb-13	463.25	470	454.12	468.22	25163582
6-Feb-13	456.47	466.5	452.58	457.35	21203716
5-Feb-13	444.05	459.74	442.22	457.84	20476648
4-Feb-13	453.91	455.94	442	442.32	17039822
1-Feb-13	459.11	459.48	448.35	453.62	19266727
31-Jan-13	456.98	459.28	454.98	455.49	11404745
30-Jan-13	457	462.6	454.5	456.83	14898331
29-Jan-13	458.5	460.2	452.12	458.27	20395431
28-Jan-13	437.82	453.21	435.86	449.83	28054133
25-Jan-13	451.69	456.23	435	439.88	43141929
24-Jan-13	460	465.73	450.25	450.5	52173279
23-Jan-13	508.81	514.99	504.77	514	30767979
22-Jan-13	504.56	507.88	496.63	504.77	16483739
18-Jan-13	498.52	502.22	496.4	500	16898181
17-Jan-13	510.31	510.75	502.03	502.68	16201797
16-Jan-13	494.64	509.44	492.5	506.09	24671435
15-Jan-13	498.3	498.99	483.38	485.92	31313276
14-Jan-13	502.68	507.5	498.51	501.75	26220628
11-Jan-13	521	525.32	519.02	520.3	12526963
10-Jan-13	528.55	528.72	515.52	523.51	21469328
9-Jan-13	522.5	525.01	515.99	517.1	14557137
8-Jan-13	529.21	531.89	521.25	525.31	16382393
7-Jan-13	522	529.3	515.2	523.9	17291168
4-Jan-13	536.96	538.63	525.83	527	21225980
3-Jan-13	547.88	549.67	541	542.1	12605850
2-Jan-13	553.82	555	541.63	549.03	20017838
31-Dec-12	510.53	535.4	509	532.17	23553255
28-Dec-12	510.29	514.48	508.12	509.59	12652749
27-Dec-12	513.54	516.25	504.66	515.06	16254240
26-Dec-12	519	519.46	511.12	513	10801290
24-Dec-12	520.35	524.25	518.71	520.17	6276711
21-Dec-12	512.47	519.67	510.24	519.33	21304222
20-Dec-12	530	530.2	518.88	521.73	17203114
19-Dec-12	531.47	533.7	525.5	526.31	16048632
18-Dec-12	525	534.9	520.25	533.9	22345289
17-Dec-12	508.93	520	501.23	518.83	27105146
14-Dec-12	514.75	518.13	505.58	509.79	36056357
13-Dec-12	531.15	537.64	525.8	529.69	22330661
12-Dec-12	547.77	548	536.27	539	17397590
11-Dec-12	539.77	549.56	537.37	541.39	21155129
10-Dec-12	525	538.51	521.58	529.82	22517225
7-Dec-12	553.4	555.2	530	533.25	28134542
6-Dec-12	528.94	553.31	518.63	547.24	42043113
5-Dec-12	568.91	569.25	538.77	538.79	37308479
4-Dec-12	581.8	581.8	572.13	575.85	19926056
3-Dec-12	593.65	594.59	585.5	586.19	13009871
30-Nov-12	586.79	588.4	582.68	585.28	13974998
29-Nov-12	590.22	594.25	585.25	589.36	18382075
28-Nov-12	577.27	585.8	572.26	582.94	18609283
27-Nov-12	589.55	590.42	580.1	584.78	19046922
26-Nov-12	575.9	590	573.71	589.53	22520633
23-Nov-12	567.17	572	562.6	571.5	9743797
21-Nov-12	564.25	567.37	556.6	561.7	13329537
20-Nov-12	571.91	571.95	554.58	560.91	22955408
19-Nov-12	540.71	567.5	539.88	565.73	29398995
16-Nov-12	525.2	530	505.75	527.68	45246109
15-Nov-12	537.53	539.5	522.62	525.62	28211055
14-Nov-12	545.5	547.45	536.18	536.88	17041711
13-Nov-12	538.91	550.48	536.36	542.9	19043230
12-Nov-12	554.15	554.5	538.65	542.83	18421497
9-Nov-12	540.42	554.88	533.72	547.06	33210928
8-Nov-12	560.63	562.23	535.29	537.75	37719477
7-Nov-12	573.84	574.54	555.75	558	28344598
6-Nov-12	590.23	590.74	580.09	582.85	13389863
5-Nov-12	583.52	587.77	577.6	584.62	18903032
2-Nov-12	595.89	596.95	574.75	576.8	21406152
1-Nov-12	598.22	603	594.17	596.54	12908846
31-Oct-12	594.88	601.96	587.7	595.32	18214353
26-Oct-12	609.43	614	591	604	36372262
25-Oct-12	620	622	605.55	609.54	23440199
24-Oct-12	621.44	626.55	610.64	616.83	19947396
23-Oct-12	631	633.9	611.7	613.36	25255171
22-Oct-12	612.42	635.38	610.76	634.03	19526056
19-Oct-12	631.05	631.77	609.62	609.84	26574431
18-Oct-12	639.59	642.06	630	632.64	17022216
17-Oct-12	648.87	652.79	644	644.61	13903949
16-Oct-12	635.37	650.3	631	649.79	19634688
15-Oct-12	632.35	635.13	623.85	634.76	15446423
12-Oct-12	629.56	635.38	625.3	629.71	16429095
11-Oct-12	646.5	647.2	628.1	628.1	19502871
10-Oct-12	639.74	644.98	637	640.91	18226990
9-Oct-12	638.65	640.49	623.55	635.85	29949841
8-Oct-12	646.88	647.56	636.11	638.17	22784981
5-Oct-12	665.2	666	651.28	652.59	21214444
4-Oct-12	671.25	674.25	665.55	666.8	13241259
3-Oct-12	664.86	671.86	662.63	671.45	15152817
2-Oct-12	661.81	666.35	650.65	661.31	22428234
1-Oct-12	671.16	676.75	656.5	659.39	19413703
28-Sep-12	678.75	681.11	666.75	667.1	19111011
27-Sep-12	664.29	682.17	660.35	681.32	21217433
26-Sep-12	668.74	672.69	661.2	665.18	20596558
25-Sep-12	688.26	692.78	673	673.54	18527207
24-Sep-12	686.86	695.12	683	690.79	22848028
21-Sep-12	702.41	705.07	699.36	700.1	20413868
20-Sep-12	699.16	700.06	693.62	698.7	12020276
19-Sep-12	700.26	703.99	699.57	702.1	11673572
18-Sep-12	699.88	702.33	696.42	701.91	13339381
17-Sep-12	699.35	699.8	694.61	699.78	14215357
14-Sep-12	689.96	696.98	687.89	691.28	21445473
13-Sep-12	677.37	685.5	674.77	682.98	21369947
12-Sep-12	666.85	669.9	656	669.79	25436356
11-Sep-12	665.11	670.1	656.5	660.59	17997836
10-Sep-12	680.45	683.29	662.1	662.74	17428414
7-Sep-12	678.05	682.48	675.77	680.44	11773735
6-Sep-12	673.17	678.29	670.8	676.27	13977952
5-Sep-12	675.57	676.35	669.6	670.23	12012925
4-Sep-12	665.76	675.14	664.5	674.97	13138947
31-Aug-12	667.25	668.6	657.25	665.24	12082801
30-Aug-12	670.64	671.55	662.85	663.87	10810399
29-Aug-12	675.25	677.67	672.6	673.47	7243012
28-Aug-12	674.98	676.1	670.67	674.8	9549189
27-Aug-12	679.99	680.87	673.54	675.68	15246943
24-Aug-12	659.51	669.48	655.55	663.22	15619159
23-Aug-12	666.11	669.9	661.15	662.63	15004224
22-Aug-12	654.42	669	648.11	668.87	20190091
21-Aug-12	670.82	674.88	650.33	656.06	29025180
20-Aug-12	650.01	665.15	649.9	665.15	21906527
17-Aug-12	640	648.19	638.81	648.11	15812842
16-Aug-12	631.21	636.76	630.5	636.34	9099172
15-Aug-12	631.3	634	627.75	630.83	9196754
14-Aug-12	631.87	638.61	630.21	631.69	12148832
13-Aug-12	623.39	630	623.25	630	9958209
10-Aug-12	618.71	621.76	618.7	621.7	6966435
9-Aug-12	617.85	621.73	617.8	620.73	7921798
8-Aug-12	619.39	623.88	617.1	619.86	8739440
7-Aug-12	622.77	625	618.04	620.91	10375356
6-Aug-12	617.29	624.87	615.26	622.55	10797144
3-Aug-12	613.63	617.98	611.56	615.7	12318372
2-Aug-12	602.84	610.69	600.25	607.79	11866029
1-Aug-12	615.9	616.4	603	606.81	13732106
31-Jul-12	603.23	611.7	602.72	610.76	16511668
30-Jul-12	590.92	599.44	587.82	595.03	13540710
27-Jul-12	575.01	585.83	571.59	585.16	14430463
26-Jul-12	579.76	580.4	570.36	574.88	14528940
25-Jul-12	574.46	580.8	570	574.97	31330624
24-Jul-12	607.38	609.68	598.51	600.92	20183292
23-Jul-12	594.4	605.9	587.71	603.83	17427685
20-Jul-12	613.03	614.44	603.7	604.3	14195350
19-Jul-12	611.28	615.35	606	614.32	15602081
18-Jul-12	606.59	608.34	603.56	606.26	9024984
17-Jul-12	610.79	611.5	603.15	606.94	10493291
16-Jul-12	605.12	611.62	605.02	606.91	10760906
13-Jul-12	602.95	607.19	600	604.97	11129207
12-Jul-12	600.24	603.47	592.68	598.9	15285309
11-Jul-12	606.12	607.66	597.22	604.43	16761338
10-Jul-12	617.97	619.87	605.31	608.21	18284201
9-Jul-12	605.3	613.9	604.11	613.89	13550032
6-Jul-12	607.09	608.44	601.58	605.88	14965308
5-Jul-12	600.56	614.34	599.65	609.94	17299303
3-Jul-12	594.88	600	594	599.41	8632595
2-Jul-12	584.73	593.47	583.6	592.52	14288968
29-Jun-12	578	584	574.25	584	15051433
28-Jun-12	571.67	574	565.61	569.05	10108649
27-Jun-12	575	576.74	571.92	574.5	7252110
26-Jun-12	571.33	574.49	567.33	572.02	9883929
25-Jun-12	577.3	579.8	570.37	570.76	10869808
22-Jun-12	579.04	582.19	575.42	582.1	10169473
21-Jun-12	585.44	588.22	577.44	577.67	11660894
20-Jun-12	588.21	589.25	580.8	585.74	12827092
19-Jun-12	583.4	590	583.1	587.41	12907276
18-Jun-12	570.96	587.89	570.37	585.78	15728970
15-Jun-12	571	574.62	569.55	574.13	11973340
14-Jun-12	571.24	573.5	567.26	571.53	12351469
13-Jun-12	574.52	578.48	570.38	572.16	10491890
12-Jun-12	574.46	576.62	566.7	576.16	15556423
11-Jun-12	587.72	588.5	570.63	571.17	21116528
8-Jun-12	571.6	580.58	569	580.32	12410410
7-Jun-12	577.29	577.32	570.5	571.72	13570452
6-Jun-12	567.77	573.85	565.5	571.46	14337466
5-Jun-12	561.27	566.47	558.33	562.83	13864768
4-Jun-12	561.5	567.5	548.5	564.29	19892447
1-Jun-12	569.16	572.65	560.52	560.99	18606442
31-May-12	580.74	581.5	571.46	577.73	17568229
30-May-12	569.2	579.99	566.56	579.17	18907887
29-May-12	570.9	574	565.31	572.27	13589478
25-May-12	564.59	565.85	558.47	562.29	11730936
24-May-12	575.87	576.5	561.23	565.32	17721358
23-May-12	557.5	572.8	553.23	570.56	20889195
22-May-12	569.55	573.88	552.58	556.97	24813822
21-May-12	534.5	561.54	534.05	561.28	22538970
18-May-12	533.96	543.41	522.18	530.38	26153209
17-May-12	545.31	547.5	530.12	530.12	25614959
16-May-12	554.05	556.89	541.04	546.08	20031982
15-May-12	561.45	563.22	551.75	553.17	17010954
14-May-12	562.57	567.51	557.6	558.22	12593729
11-May-12	565	574.47	564.35	566.71	14269476
10-May-12	574.58	575.88	568.44	570.52	11902536
9-May-12	563.7	573.98	560.85	569.18	17167989
8-May-12	569.58	571.5	558.73	568.18	17758960
7-May-12	561.5	572.77	561.23	569.48	16439031
4-May-12	577.08	578.36	565.17	565.25	18928203
3-May-12	590.5	591.4	580.3	581.82	13948151
2-May-12	580.24	587.4	578.86	585.98	15272288
1-May-12	584.9	596.76	581.23	582.13	21821359
30-Apr-12	597.8	598.4	583	583.98	18076434
27-Apr-12	605.07	606.18	600.5	603	14527500
26-Apr-12	614.27	614.69	602.13	607.7	19145182
25-Apr-12	615.64	618	606	610	32346810
24-Apr-12	562.61	567.69	555	560.28	38442834
23-Apr-12	570.61	576.67	556.62	571.7	34518497
20-Apr-12	591.38	594.62	570.42	572.98	36820544
19-Apr-12	600.22	604.73	584.52	587.44	29811195
18-Apr-12	613.72	620.25	602.71	608.34	34090353
17-Apr-12	578.94	610	571.91	609.7	36624496
16-Apr-12	610.06	610.28	578.25	580.13	37528008
13-Apr-12	624.11	624.7	603.51	605.23	30701581
12-Apr-12	625	631.33	620.5	622.77	21940309
11-Apr-12	636.2	636.87	623.34	626.2	24878967
10-Apr-12	639.93	644	626	628.44	31774636
9-Apr-12	626.13	639.84	625.3	636.23	21340578
5-Apr-12	626.98	634.66	623.4	633.68	22902694
4-Apr-12	624.35	625.86	617	624.31	20463585
3-Apr-12	627.3	632.21	622.51	629.32	29805480
2-Apr-12	601.83	618.77	600.38	618.63	21369494
30-Mar-12	608.77	610.56	597.94	599.55	26108485
29-Mar-12	612.78	616.56	607.23	609.86	21722776
28-Mar-12	618.38	621.45	610.31	617.62	23409267
27-Mar-12	606.18	616.28	606.06	614.48	21683163
26-Mar-12	599.79	607.15	595.26	606.98	21276317
23-Mar-12	600.49	601.8	594.4	596.05	15374545
22-Mar-12	597.78	604.5	595.53	599.34	22290414
21-Mar-12	602.74	609.65	601.41	602.5	23001482
20-Mar-12	599.51	606.9	582	605.96	29166719
19-Mar-12	598.37	601.77	589.05	601.1	32186970
16-Mar-12	584.72	589.2	578	585.57	29481697
15-Mar-12	599.61	600.01	578.55	585.56	41416824
14-Mar-12	578.05	594.72	575.4	589.58	50672821
13-Mar-12	557.54	568.18	555.75	568.1	24673237
12-Mar-12	548.98	552	547	552	14545717
9-Mar-12	544.21	547.74	543.11	545.17	14960676
8-Mar-12	534.69	542.99	532.12	541.99	18444389
7-Mar-12	536.8	537.78	523.3	530.69	28518507
6-Mar-12	523.66	533.69	516.22	530.26	28937093
5-Mar-12	545.42	547.48	526	533.16	28897169
2-Mar-12	544.24	546.8	542.52	545.18	15418227
1-Mar-12	548.17	548.21	538.77	544.47	24401884
29-Feb-12	541.56	547.61	535.7	542.44	34000054
28-Feb-12	527.96	535.41	525.85	535.41	21442354
27-Feb-12	521.31	528.5	516.28	525.76	19556472
24-Feb-12	519.67	522.9	518.64	522.41	14831415
23-Feb-12	515.08	517.83	509.5	516.39	20286616
22-Feb-12	513.08	515.49	509.07	513.04	17260544
21-Feb-12	506.88	514.85	504.12	514.85	21628057
17-Feb-12	503.11	507.77	500.3	502.12	19135313
16-Feb-12	491.5	504.89	486.63	502.21	33733915
15-Feb-12	514.26	526.29	496.89	497.67	53789720
14-Feb-12	504.66	509.56	502	509.46	16497573
13-Feb-12	499.53	503.83	497.09	502.6	18471658
10-Feb-12	490.96	497.62	488.55	493.42	22546425
9-Feb-12	480.76	496.75	480.56	493.17	31579086
8-Feb-12	470.5	476.79	469.7	476.68	14567040
7-Feb-12	465.25	469.75	464.58	468.83	11293609
6-Feb-12	458.38	464.98	458.2	463.97	8917228
3-Feb-12	457.3	460	455.56	459.68	10245287
2-Feb-12	455.9	457.17	453.98	455.12	6671221
1-Feb-12	458.41	458.99	455.55	456.19	9644366
31-Jan-12	455.59	458.24	453.07	456.48	13996855
30-Jan-12	445.71	453.9	445.39	453.01	13547439
27-Jan-12	444.34	448.48	443.77	447.28	10710233
26-Jan-12	448.36	448.79	443.14	444.63	11579673
25-Jan-12	454.44	454.45	443.73	446.66	34223691
24-Jan-12	425.1	425.1	419.55	420.41	19558473
23-Jan-12	422.67	428.45	422.3	427.41	10930778
20-Jan-12	427.49	427.5	419.75	420.3	14784607
19-Jan-12	430.15	431.37	426.51	427.75	9347779
18-Jan-12	426.96	429.47	426.3	429.11	9885394
17-Jan-12	424.2	425.99	422.96	424.7	8674865
13-Jan-12	419.7	420.45	418.66	419.81	8077107
12-Jan-12	422.28	422.9	418.75	421.39	7597273
11-Jan-12	422.68	422.85	419.31	422.55	7685437
10-Jan-12	425.91	426	421.5	423.24	9225966
9-Jan-12	425.5	427.75	421.35	421.73	14072256
6-Jan-12	419.77	422.75	419.22	422.4	11370916
5-Jan-12	414.95	418.55	412.67	418.03	9688115
4-Jan-12	410	414.68	409.28	413.44	9294444
3-Jan-12	409.4	412.5	409	411.23	10794957
30-Dec-11	403.51	406.28	403.49	405	6420530
29-Dec-11	403.4	405.65	400.51	405.12	7719863
28-Dec-11	406.89	408.25	401.34	402.64	8173461
27-Dec-11	403.1	409.09	403.02	406.53	9472659
23-Dec-11	399.69	403.59	399.5	403.33	9628852
22-Dec-11	397	399.13	396.1	398.55	7227016
21-Dec-11	396.69	397.3	392.01	396.44	9390954
20-Dec-11	387.76	396.1	387.26	395.95	12050104
19-Dec-11	382.47	384.85	380.48	382.21	8411702
16-Dec-11	380.36	384.15	379.57	381.02	15056343
15-Dec-11	383.33	383.74	378.31	378.94	9158875
14-Dec-11	386.7	387.38	377.68	380.19	14541240
13-Dec-11	393	395.4	387.1	388.81	12112029
12-Dec-11	391.68	393.9	389.45	391.84	10752338
9-Dec-11	392.85	394.04	391.03	393.62	10612255
8-Dec-11	391.45	395.5	390.23	390.66	13441293
7-Dec-11	389.93	390.94	386.76	389.09	10892847
6-Dec-11	392.51	394.63	389.38	390.95	10135859
5-Dec-11	393.49	396.41	390.39	393.01	12763161
2-Dec-11	389.83	393.63	388.58	389.7	13545470
1-Dec-11	382.54	389	380.75	387.93	13827834
30-Nov-11	381.29	382.28	378.3	382.2	14502386
29-Nov-11	375.84	378.83	370.2	373.2	13429694
28-Nov-11	372.35	376.72	370.33	376.12	12380122
25-Nov-11	368.42	371.15	363.32	363.57	9098543
23-Nov-11	374.51	375.84	366.88	366.99	15308635
22-Nov-11	371.02	377.93	370.94	376.51	14617763
21-Nov-11	370.4	371.68	365.91	369.01	16007227
18-Nov-11	378.92	379.99	374.88	374.94	13288395
17-Nov-11	383.98	384.58	375.5	377.41	17147164
16-Nov-11	389.25	391.14	384.32	384.77	12471716
15-Nov-11	380.8	389.5	379.45	388.83	15392116
14-Nov-11	383.52	385.25	378.2	379.26	15466501
11-Nov-11	386.61	388.7	380.26	384.62	23349431
10-Nov-11	397.03	397.21	382.15	385.22	26606467
9-Nov-11	396.97	400.89	394.23	395.28	19952990
8-Nov-11	402.21	408	401.56	406.23	14301406
7-Nov-11	399.91	400	396.13	399.73	9652257
4-Nov-11	402.03	403.44	399.16	400.24	10793856
3-Nov-11	399.07	403.4	395.36	403.07	15768725
2-Nov-11	400.09	400.44	395.11	397.41	11723381
1-Nov-11	397.41	399.5	393.22	396.51	18992411
31-Oct-11	402.42	409.33	401.05	404.78	13772329
28-Oct-11	403	406.35	402.51	404.95	11529964
27-Oct-11	407.56	409	401.89	404.69	17673331
26-Oct-11	401.76	402.55	393.15	400.6	16296426
25-Oct-11	405.03	406.55	397.38	397.77	15378600
24-Oct-11	396.18	406.5	395.4	405.77	17941292
21-Oct-11	398.1	399.14	390.75	392.87	22187216
20-Oct-11	400	400.35	394.21	395.31	19626042
19-Oct-11	401.35	408.42	397.8	398.62	39428299
18-Oct-11	421.76	424.81	415.99	422.24	31485728
17-Oct-11	421.74	426.7	415.94	419.99	24501528
14-Oct-11	416.83	422	415.27	422	20477390
13-Oct-11	404.98	408.43	402.85	408.43	15220825
12-Oct-11	407.34	409.25	400.14	402.19	22224426
11-Oct-11	392.57	403.18	391.5	400.29	21631495
10-Oct-11	379.09	388.81	378.21	388.81	15804041
7-Oct-11	375.78	377.74	368.49	369.8	19129166
6-Oct-11	373.33	384.78	371.8	377.37	29020722
5-Oct-11	367.86	379.82	360.3	378.25	28088194
4-Oct-11	374.57	381.8	354.24	372.5	44059841
3-Oct-11	380.37	382.64	373.17	374.6	23895573
30-Sep-11	387.12	388.89	381.18	381.32	19579889
29-Sep-11	401.92	402.21	386.21	390.57	23263021
28-Sep-11	400.19	403.74	396.51	397.01	15351883
27-Sep-11	408.73	409.25	398.06	399.26	22589196
26-Sep-11	399.86	403.98	391.3	403.17	29031266
23-Sep-11	400.28	406.74	399.85	404.3	19517230
22-Sep-11	401.03	409.82	396.7	401.82	34588591
21-Sep-11	419.64	421.59	412	412.14	21641965
20-Sep-11	415.25	422.86	411.19	413.45	27705327
19-Sep-11	397	413.23	395.2	411.63	29423540
16-Sep-11	395.54	400.5	395.03	400.5	24946023
15-Sep-11	391.43	393.66	389.9	392.96	14922083
14-Sep-11	387.02	392.21	385.76	389.3	19097264
13-Sep-11	382.14	386.21	380.25	384.62	15740641
12-Sep-11	373	380.88	371.9	379.94	16708284
9-Sep-11	383.93	386	375.02	377.48	20181344
8-Sep-11	382.4	388.61	382.31	384.14	14862780
7-Sep-11	385.56	385.6	382	383.93	12520542
6-Sep-11	367.37	380.33	366.48	379.74	18203447
2-Sep-11	374.74	378	371.83	374.05	15684502
1-Sep-11	385.82	387.34	380.72	381.03	12275815
31-Aug-11	390.57	392.08	381.86	384.83	18669842
30-Aug-11	388.25	391.84	386.21	389.99	14925752
29-Aug-11	388.18	391.5	388	389.97	14473307
26-Aug-11	371.17	383.8	370.8	383.58	22909823
25-Aug-11	365.08	375.45	365	373.72	31117868
24-Aug-11	373.47	378.96	370.6	376.18	22366701
23-Aug-11	360.3	373.64	357	373.6	23458368
22-Aug-11	364.51	364.88	355.09	356.44	19118030
19-Aug-11	362.17	367	356	356.03	27710078
18-Aug-11	370.84	372.65	361.37	366.05	30408327
17-Aug-11	382.31	384.52	378	380.44	15787849
16-Aug-11	381.52	383.37	376.06	380.48	17817446
15-Aug-11	379.63	384.97	378.09	383.41	16447924
12-Aug-11	378.02	379.64	374.23	376.99	18891915
11-Aug-11	370.52	375.45	364.72	373.7	26498730
10-Aug-11	371.15	374.65	362.5	363.69	31380328
9-Aug-11	361.3	374.61	355	374.01	38663672
8-Aug-11	361.69	367.77	353.02	353.21	40850172
5-Aug-11	380.44	383.5	362.57	373.62	43020050
4-Aug-11	389.41	391.32	377.35	377.37	31121632
3-Aug-11	388.22	393.55	382.24	392.57	26160828
2-Aug-11	397.65	392.88	382.24	388.21	35852684
1-Aug-11	397.78	399.5	392.37	396.75	21886851
29-Jul-11	387.64	395.15	384	390.48	22592270
28-Jul-11	391.62	396.99	388.13	391.82	21215156
27-Jul-11	400.59	402.64	392.15	392.59	23547210
26-Jul-11	400	404.5	399.68	403.41	17020718
25-Jul-11	390.35	400	389.62	398.5	21064442
22-Jul-11	388.32	395.05	387.75	393.3	18454555
21-Jul-11	386.95	390.06	383.9	387.29	18804148
20-Jul-11	396.12	396.27	386	386.9	33618816
19-Jul-11	378	378.65	373.32	376.85	29255192
18-Jul-11	365.43	374.65	365.28	373.8	20451089
15-Jul-11	361.17	365	359.17	364.92	17302334
14-Jul-11	361.01	361.61	356.34	357.77	15376165
13-Jul-11	358.33	360	356.38	358.02	13987074
12-Jul-11	353.53	357.68	348.62	353.75	16128813
11-Jul-11	356.34	359.77	352.82	354	15816282
8-Jul-11	353.34	360	352.2	359.71	17497377
7-Jul-11	354.67	358	354	357.2	14273617
6-Jul-11	348.95	354.1	346.71	351.76	15879463
5-Jul-11	343	349.83	342.5	349.43	12688374
1-Jul-11	335.95	343.5	334.2	343.26	15546887
30-Jun-11	334.7	336.13	332.84	335.67	11543913
29-Jun-11	336.04	336.37	331.88	334.04	12597010
28-Jun-11	333.65	336.7	333.44	335.26	10510701
27-Jun-11	327.59	333.9	327.25	332.04	12141419
24-Jun-11	331.37	333.15	325.09	326.35	15711616
23-Jun-11	318.94	331.69	318.12	331.23	19991322
22-Jun-11	325.16	328.9	322.38	322.61	13949348
21-Jun-11	316.68	325.8	315.2	325.3	17620502
20-Jun-11	317.36	317.7	310.5	315.32	22880182
17-Jun-11	328.99	329.25	319.36	320.26	21981807
16-Jun-11	326.9	328.68	318.33	325.16	18235334
15-Jun-11	329.75	330.3	324.88	326.75	14264555
14-Jun-11	330	333.25	329.31	332.44	11948843
13-Jun-11	327.2	328.31	325.07	326.6	11773444
10-Jun-11	330.55	331.66	325.51	325.9	15504200
9-Jun-11	333.25	333.67	330.75	331.49	9834457
8-Jun-11	331.78	334.8	330.65	332.24	11924511
7-Jun-11	338.17	338.22	331.9	332.04	18927580
6-Jun-11	345.96	347.05	337.81	338.04	16497811
3-Jun-11	343.18	345.33	342.01	343.44	11194395
2-Jun-11	346.5	347.98	344.3	346.1	12103016
1-Jun-11	348.87	352.13	344.65	345.51	19810086
31-May-11	341.1	347.83	341	347.83	14919162
27-May-11	334.8	337.63	334.31	337.41	7273271
26-May-11	335.97	336.89	334.44	335	7953393
25-May-11	333.43	338.56	332.85	336.78	10507919
24-May-11	335.5	335.9	331.34	332.19	11502950
23-May-11	329.97	335.98	329.42	334.4	13661031
20-May-11	339.56	340.95	335.02	335.22	12078244
19-May-11	342.08	342.41	338.67	340.53	9327330
18-May-11	336.47	341.05	336	339.87	11956181
17-May-11	332	336.14	330.73	336.14	16170951
16-May-11	339.2	341.22	332.6	333.3	16076482
13-May-11	345.66	346.25	340.35	340.5	11649708
12-May-11	346.12	347.12	342.27	346.57	11462799
11-May-11	349.02	350	345.24	347.23	12002669
10-May-11	348.89	349.69	346.66	349.45	10074567
9-May-11	347.86	349.2	346.53	347.6	7312593
6-May-11	349.69	350	346.21	346.66	10008755
5-May-11	348.4	350.95	346.05	346.75	12009336
4-May-11	348.26	351.83	346.88	349.57	13901747
3-May-11	347.99	349.89	345.62	348.2	11198607
2-May-11	349.74	350.47	345.5	346.28	15811178
29-Apr-11	346.78	353.95	346.67	350.13	35940847
28-Apr-11	346.19	349.75	345.52	346.75	12899589
27-Apr-11	352.24	352.35	347.1	350.15	12721841
26-Apr-11	353.62	354.99	349.35	350.42	12057235
25-Apr-11	350.34	353.75	350.3	353.01	9519470
21-Apr-11	355	355.13	348.52	350.7	26921374
20-Apr-11	343.51	345.75	341.5	342.41	25023406
19-Apr-11	333.1	337.98	331.71	337.86	14977749
18-Apr-11	326.1	332.23	320.16	331.85	21782061
15-Apr-11	333.3	333.64	326.8	327.46	16208321
14-Apr-11	334.8	336	332.06	332.42	10785343
13-Apr-11	335.02	336.14	332.52	336.13	12372709
12-Apr-11	330.49	333.73	330.2	332.4	15232440
11-Apr-11	334.06	335.67	330.02	330.8	14255374
8-Apr-11	339.92	340.15	333.95	335.06	13483331
7-Apr-11	338.1	340.43	336.03	338.08	13337360
6-Apr-11	341.22	343.9	337.14	338.04	14376383
5-Apr-11	336.99	342.25	336	338.89	17248687
4-Apr-11	344.31	344.6	338.4	341.19	16431506
1-Apr-11	351.11	351.59	343.3	344.56	14952200
31-Mar-11	346.36	349.8	346.06	348.51	9798858
30-Mar-11	350.64	350.88	347.44	348.63	11764467
29-Mar-11	347.66	350.96	346.06	350.96	12603565
28-Mar-11	353.15	354.32	350.44	350.44	11048201
25-Mar-11	348.07	352.06	347.02	351.54	16041828
24-Mar-11	341.85	346	338.86	344.97	14453960
23-Mar-11	339.28	340.22	335.95	339.19	13321214
22-Mar-11	342.56	342.62	339.14	341.2	11651166
21-Mar-11	335.99	339.74	335.26	339.3	14621080
18-Mar-11	337.13	338.2	330	330.67	26900372
17-Mar-11	336.83	339.61	330.66	334.64	23550711
16-Mar-11	342	343	326.26	330.01	41312518
15-Mar-11	342.1	347.84	340.1	345.43	25751762
14-Mar-11	353.18	356.48	351.31	353.56	15587670
11-Mar-11	345.33	352.32	345	351.99	16824288
10-Mar-11	349.12	349.77	344.9	346.67	18138865
9-Mar-11	354.69	354.76	350.6	352.47	16192719
8-Mar-11	354.91	357.4	352.25	355.76	12725565
7-Mar-11	361.4	361.67	351.31	355.36	19504307
4-Mar-11	360.07	360.29	357.75	360	16188069
3-Mar-11	357.19	359.79	355.92	359.56	17885252
2-Mar-11	349.96	354.35	348.4	352.12	21521027
1-Mar-11	355.47	355.72	347.68	349.31	16290309
28-Feb-11	351.24	355.05	351.12	353.21	14395497
25-Feb-11	345.26	348.43	344.8	348.16	13572069
24-Feb-11	344.02	345.15	338.37	342.88	17853502
23-Feb-11	338.77	344.64	338.61	342.62	23994706
22-Feb-11	342.15	345.4	337.72	338.61	31162223
18-Feb-11	358.71	359.5	349.52	350.56	29144532
17-Feb-11	357.25	360.27	356.52	358.3	18949072
16-Feb-11	360.8	364.9	360.5	363.13	17184119
15-Feb-11	359.19	359.97	357.55	359.9	10149063
14-Feb-11	356.79	359.48	356.71	359.18	11086213
11-Feb-11	354.75	357.8	353.54	356.85	13127564
10-Feb-11	357.39	360	348	354.54	33162480
9-Feb-11	355.19	359	354.87	358.16	17240870
8-Feb-11	353.68	355.52	352.15	355.2	13608558
7-Feb-11	347.89	353.25	347.64	351.88	17322130
4-Feb-11	343.64	346.7	343.51	346.5	11494225
3-Feb-11	343.8	344.24	338.55	343.44	14064164
2-Feb-11	344.45	345.25	343.55	344.32	9248401
1-Feb-11	341.3	345.65	340.98	345.03	15236849
31-Jan-11	335.8	340.04	334.3	339.32	13473086
28-Jan-11	344.17	344.4	333.53	336.1	21144878
27-Jan-11	343.78	344.69	342.83	343.21	10179423
26-Jan-11	342.96	345.6	341.5	343.85	18102397
25-Jan-11	336.33	341.44	334.57	341.4	19530950
24-Jan-11	326.87	337.45	326.72	337.45	20524364
21-Jan-11	333.77	334.88	326.63	326.72	26942816
20-Jan-11	336.43	338.3	330.12	332.68	27313899
19-Jan-11	348.35	348.6	336.88	338.84	40557457
18-Jan-11	329.52	344.76	326	340.65	67178100
14-Jan-11	345.89	348.48	344.44	348.48	11029964
13-Jan-11	345.16	346.64	343.85	345.68	10648026
12-Jan-11	343.25	344.43	342	344.42	10806330
11-Jan-11	344.88	344.96	339.47	341.64	15859999
10-Jan-11	338.83	343.23	337.17	342.46	16019926
7-Jan-11	333.99	336.35	331.9	336.12	11140316
6-Jan-11	334.72	335.25	332.9	333.73	10729518
5-Jan-11	329.55	334.34	329.5	334	9125599
4-Jan-11	332.44	332.5	328.15	331.29	11048143
3-Jan-11	325.64	330.26	324.84	329.57	15897201
31-Dec-10	322.95	323.48	321.31	322.56	6916261
30-Dec-10	325.48	325.51	323.05	323.66	5630713
29-Dec-10	326.22	326.45	325.1	325.29	5831096
28-Dec-10	325.91	326.66	325.06	325.47	6282971
27-Dec-10	322.85	325.44	321.52	324.68	8921957
23-Dec-10	325	325.15	323.17	323.6	7982168
22-Dec-10	324.36	325.72	323.55	325.16	9505147
21-Dec-10	323	324.39	322.05	324.2	9155412
20-Dec-10	321.6	323.25	318.23	322.21	13771742
17-Dec-10	321.63	321.79	320.23	320.61	13826724
16-Dec-10	321.09	322.61	320.1	321.25	11501014
15-Dec-10	320	323	319.19	320.36	14903902
14-Dec-10	321.73	322.54	319	320.29	12555966
13-Dec-10	324.37	325.06	321	321.67	15707619
10-Dec-10	319.65	321.05	318.6	320.56	9377749
9-Dec-10	322.13	322.5	319.02	319.76	10505218
8-Dec-10	319.63	321.02	317.11	321.01	11497643
7-Dec-10	323.8	323.99	318.12	318.21	13980495
6-Dec-10	318.64	322.33	318.42	320.15	16017161
3-Dec-10	317.01	318.65	316.34	317.44	12227469
2-Dec-10	317.53	319	314.89	318.15	16558988
1-Dec-10	315.27	317.75	315	316.4	16491096
30-Nov-10	313.54	314.36	310.87	311.15	17923329
29-Nov-10	315.5	317.48	311.38	316.87	15919985
